{
    "bagging_fraction": 0.8159479258400034,
    "boost_from_average": true,
    "boosting_type": "gbdt",
    "feature_fraction": 0.5950811815682384,
    "feature_pre_filter": false,
    "is_unbalance": false,
    "lambda_l1": 3.1057748852596516,
    "lambda_l2": 2.2838456047602604,
    "learning_rate": 0.05,
    "max_depth": 3,
    "metric": "multi_logloss",
    "min_child_weight": 35.83456206547625,
    "min_data_in_leaf": 25,
    "min_split_gain": 0.015878487290666685,
    "nthread": 1,
    "num_class": 4,
    "num_iterations": 5000,
    "num_leaves": 49,
    "objective": "multiclass",
    "reg_alpha": 1.0716706629808797,
    "reg_lambda": 1.0411803615569366,
    "verbose": -1,
    "verbosity": -1
}